4 STRINGS,MONDAY,Spinnin Records,EDM
4 STRINGS,LIVING COLORS,Spinnin Records,EDM
4 STRINGS,GALAXY,Spinnin Records,EDM
4 STRINGS,CHEMISTRY,Spinnin Records,EDM
4B & FIGHT CLVB,MAGA,Dim Mak,EDM
4Frame,The Drones (Still Alive Remix),Audiophile,EDM
4Frame,The Drones (Levianth Remix),Audiophile,EDM
4Frame,The Drones (Insan3lik3 Remix),Audiophile,EDM
4Frame,The Drones,Audiophile,EDM
4Frame,Lucky's Revenge,Audiophile,EDM
813,Thank You,Mad Decent,EDM
ABEL RAMOS & FELIX LEITER,HALO,Spinnin Records,EDM
ABSRDST,Love In The Making Space Dad,OWSLA,EDM
ABSRDST,Love In The Making Skin Contest ft. JSTJR,OWSLA,EDM
ABSRDST,Love In The Making Hi Squidoo ft. Maxo,OWSLA,EDM
ABSRDST,Love In The Making,OWSLA,EDM
ABSRDST,Marble Aesthetics ( Marble Zone ),Gamechops,EDM
ABSRDST,Yoshi Moshi,Gamechops,EDM
ABSRDST,Time Stopper (Flash Man),Gamechops,EDM
ABSRDST,Robot Stunt Club (Nitro Man),Gamechops,EDM
ABSRDST,ABCDE 12345 (Password Screen),Gamechops,EDM
ABSRDST,Lead Poisoning (Bubble Man),Gamechops,EDM
ABSRDST,Fiber Clone (Infinity Mijinion),Gamechops,EDM
ABSRDST,The Inventor (Dr. Wily),Gamechops,EDM
ABSRDST,We're The Robots,Gamechops,EDM
ABSRDST,Awakening (Final Fantasy VIII),Gamechops,EDM
Aero Chord,Surface,Monstercat,EDM
Aero Chord,Break Them (feat. Anna Yvette),Monstercat,EDM
Aevion,Parade,Spinnin Records,EDM
AEVION,CANNES,Spinnin Records,EDM
Al Bizarre feat. Alayeta,Desire,Spinnin Records,EDM
Alan Walker,Spectre,No Copyright Sounds,EDM
Alan Walker,Fade,No Copyright Sounds,EDM
Alan Walker,Force,NoCopyrightSounds,EDM
Alesia,Otho,OWSLA,EDM
Alesia,Jezabel,OWSLA,EDM
Alesia,Ivo ft. Anna Lunoe (),OWSLA,EDM
Alesia,Industriae,OWSLA,EDM
Alesia,Hyacinthus (),OWSLA,EDM
Alesia,Dies Irae (Intro),OWSLA,EDM
Alesia,Andrea,OWSLA,EDM
Alex Armes,Yellow Lights (Jirgo Remix),Audiophile,EDM
Alex Armes,Yellow Lights (E.K.O Remix),Audiophile,EDM
Alex Armes,Yellow Lights (Chaxxx Remix),Audiophile,EDM
Alex Armes,Yellow Lights,Audiophile,EDM
Alex Armes,Let Me Go (Teqq Remix),Audiophile,EDM
Alex Armes,Let Me Go (M.Rook Remix),Audiophile,EDM
Alex Armes,Let Me Go (Caden Jester Remix),Audiophile,EDM
Alex Armes,Let Me Go,Audiophile,EDM
Alex Ferro,Waves (Junkie Kid Remix),Audiophile,EDM
Alex Ferro,Waves,Audiophile,EDM
Alex Ferro,M&L,Audiophile,EDM
Alex Ferro,Armor Lock (Nitro Fun Remix),Audiophile,EDM
Alex Ferro,Armor Lock,Audiophile,EDM
Alex Skrindo & Stahl!,Moments,NoCopyrightSounds,EDM
Alex Young & Wade madiedo,Sophia,Spinnin Records,EDM
Alizzz,Sunshine,Mad Decent,EDM
ALPHAROCK,PUMP THIS PARTY,Spinnin Records,EDM
ALPHAROCK,GET WILD,Spinnin Records,EDM
ALPHAROCK,DROP THE GUNS,Spinnin Records,EDM
Alvin Risk,Wave,Alvin Risk,EDM
Alvin Risk,Safe,Alvin Risk,EDM
Alvin Risk,Monsters (extended),Alvin Risk,EDM
Alvin Risk,Monsters,Alvin Risk,EDM
Alvin Risk,Dark Heart,Alvin Risk,EDM
Alvin Risk,Alone (extended),Alvin Risk,EDM
Alvin Risk,Alone,Alvin Risk,EDM
ALVITA,GALAXY,Spinnin Records,EDM
AMERSY,THANATOS,Spinnin Records,EDM
Amon Tobin,Verbal,Ninjatune,EDM
Amon Tobin,Bloodstone,Ninjatune,EDM
Andrea Salvo & Luka Stryke,Mushroom,Audiophile,EDM
Approaching Nirvana,You,Approaching Nirvana,EDM
Approaching Nirvana,Witness (feat. Veela),Approaching Nirvana,EDM
Approaching Nirvana,Virtual is Where We Live (feat. TryHardNinja),Approaching Nirvana,EDM
Approaching Nirvana,These Last Days (feat. Brenton Mattheus),Approaching Nirvana,EDM
Approaching Nirvana,The First Time,Approaching Nirvana,EDM
Approaching Nirvana,Tetrabyte,Approaching Nirvana,EDM
Approaching Nirvana,Sugar High,Approaching Nirvana,EDM
Approaching Nirvana,Stars,Approaching Nirvana,EDM
Approaching Nirvana,Soar,Approaching Nirvana,EDM
Approaching Nirvana,Mount Olympus,Approaching Nirvana,EDM
Approaching Nirvana,Monster,Approaching Nirvana,EDM
Approaching Nirvana,Illusion (feat. Brenton Mattheus),Approaching Nirvana,EDM
Approaching Nirvana,Icy,Approaching Nirvana,EDM
Approaching Nirvana,I Dream of Ibiza,Approaching Nirvana,EDM
Approaching Nirvana,Here Again (feat. Veela),Approaching Nirvana,EDM
Approaching Nirvana,Fade Away,Approaching Nirvana,EDM
Approaching Nirvana,Dream to Remember,Approaching Nirvana,EDM
Approaching Nirvana,Don’t Just Stand There (feat. Sean Vance),Approaching Nirvana,EDM
Approaching Nirvana,Death of a King,Approaching Nirvana,EDM
Approaching Nirvana,Closer (feat. Iain Mannix),Approaching Nirvana,EDM
Approaching Nirvana,Bangers & Smashed,Approaching Nirvana,EDM
Approaching Nirvana,Aurora,Approaching Nirvana,EDM
Approaching Nirvana,2nd Flight,Approaching Nirvana,EDM
Approaching Nirvana,305,Approaching Nirvana,EDM
Approaching Nirvana & Big Giant Circles,Reboot,Approaching Nirvana,EDM
Arcien,Elevate,No Copyright Sounds,EDM
Arda Diri & Beatbangersz,Road Trip,Audiophile,EDM
Artistes Inconnus,Gold Saints (Dino Safari Remix),Audiophile,EDM
Aryay,The Lawnmower,OWSLA,EDM
Ash O'Connor & Curbi,Steeper,No Copyright Sounds,EDM
Astronaut,Space Jam,Disciple,EDM
Astronaut,Rain (Stephen Walking Remix),Disciple,EDM
Astronaut,Rain (Raise Spirit Remix),Disciple,EDM
Astronaut,Rain (Mitis Remix),Disciple,EDM
Astronaut,Rain (DFlent Remix),Disciple,EDM
Astronaut,Rain (centron Remix),Disciple,EDM
Astronaut,Rain (Calvertron Remix),Disciple,EDM
Astronaut,Rain,Disciple,EDM
Astronaut,Quantum (Virtual Riot Remix),Disciple,EDM
Astronaut,Quantum (Spag Heddy Remix),Disciple,EDM
Astronaut,Quantum (Hellberg Remix),Disciple,EDM
Astronaut,Quantum (Dilemn Remix),Disciple,EDM
Astronaut,Quantum (Cutline Remix),Disciple,EDM
Astronaut,Quantum,Disciple,EDM
Astronaut,Earthsphere VIP,Disciple,EDM
Astronaut,Apollo (The Brig Remix),Disciple,EDM
Astronaut,Apollo (SLDGHMRi Remix),Disciple,EDM
Astronaut,Apollo (Radio Edit),Disciple,EDM
Astronaut,Apollo (Dodge & Fuski Remix),Disciple,EDM
Astronaut,Apollo (DKS Remix),Disciple,EDM
Astronaut,Apollo (Barely Alive Remix),Disciple,EDM
Astronaut,13,Disciple,EDM
Astronaut,Apollo (Electro Mix),Monstercat,EDM
Astronaut & Barely Alive,Some Kind Of Monter,Disciple,EDM
Astronaut & Barely Alive,Rivals,Disciple,EDM
Astronaut & Barely Alive,Raga,Disciple,EDM
Astronaut & Barely Alive,Bad Fellas,Disciple,EDM
Astronaut & Eyes,Pinball,Disciple,EDM
Au5 & Danyka Nadeau,Follow You (feat. Danyka Nadeau),Monstercat,EDM
Autoerotique,Play It Again,Dim Mak,EDM
Autoerotique,Nasty,Dim Mak,EDM
Autoerotique,LZR Bass,Dim Mak,EDM
Autoerotique,Asphyxiation,Dim Mak,EDM
Autoerotique & 4B,Bukem (Original Mix),Dim Mak,EDM
Autoerotique & Max Styler,Badman,Dim Mak,EDM
Auvic,Step Aside,Audiophile,EDM
Auvic,Starships,Audiophile,EDM
Auvic,Lick This,Audiophile,EDM
Auvic,Highways & Highways,Audiophile,EDM
Auvic,Falling Upward,Audiophile,EDM
Auvic,Believe Me,Audiophile,EDM
Bames,Chrome Eagle,Fools Gold,EDM
Barely Alive,Zombie Hunter,Disciple,EDM
Barely Alive,Work It,Disciple,EDM
Barely Alive,Rifle blow Kiss,Disciple,EDM
Barely Alive,Lasers Up (Habstrakt Remix),Disciple,EDM
Barely Alive,Lasers Up,Disciple,EDM
Barely Alive,Keyboard Killer (Getter Remix),Disciple,EDM
Barely Alive,Keyboard Killer,Disciple,EDM
Barely Alive,Dial Up (Virtual Riot Remix),Disciple,EDM
Barely Alive,Dial Up,Disciple,EDM
Barely Alive,Chasing Ghosts (Virtual Riot Remix),Disciple,EDM
Barely Alive,Boston Shit,Disciple,EDM
Barely Alive & Datsik,CandyKids VIP,Disciple,EDM
Barely Alive & Datsik,Candy kids,Disciple,EDM
Barely Alive & Datsik,Barely Alve & Datsik - Candy kids (Diamond Eyes Remix),Disciple,EDM
Barely Alive Ft. Coppa,Shudder Ft. Coppa,Disciple,EDM
Barely Alive Ft. Diamond Eyes,Welcome To The Real World (Teminite Remix),Disciple,EDM
Barely Alive Ft. Dpock & Directive,Chasing Ghosts,Disciple,EDM
Barely Alive Ft. Jeff Sontag,Sell your Soul (Eptic Remix),Disciple,EDM
Barely Alive Ft. Jeff Sontag,Sell your Soul,Disciple,EDM
Barely Alive Ft. Messinian,Cyber Bully (The Frim Remix),Disciple,EDM
Barely Alive Ft. Messinian,Cyber Bully,Disciple,EDM
Barely Alive Ft. Soultrain,Rifle blow Kiss (Twine Remix),Disciple,EDM
Barely Alve Ft. Splitbreed,WEDABE$ (PhaseOne Remix),Disciple,EDM
Barely Alve Ft. Splitbreed,WEDABE$ (501 Remix),Disciple,EDM
Barely Alve Ft. Splitbreed,WEDABE$,Disciple,EDM
Ben Briggs,Amy's Toxic Cave ( Sonic Spinball ) [ VIP Mix ],Gamechops,EDM
Ben Briggs,K.K. Cruisin',Gamechops,EDM
Ben Briggs,DJ K.K. ft. Kevin Villecco,Gamechops,EDM
Ben Briggs,Trash FM (Hydrocity Zone vs Aquarium Park),Gamechops,EDM
Ben Briggs,Dub Interference (Rusty Ruin vs Aquarium Park),Gamechops,EDM
"Ben Briggs, ectogemia",Bright And Early [ Wild World ],Gamechops,EDM
"Ben Briggs, ectogemia",Breakfast With K.K. [ 7 AM ],Gamechops,EDM
"Ben Briggs, ectogemia","Rush Hour [ 8 AM, City Folk ]",Gamechops,EDM
"Ben Briggs, ectogemia",USE830906342,Gamechops,EDM
"Ben Briggs, ectogemia",Quittin' Time [ 5 PM ],Gamechops,EDM
"Ben Briggs, ectogemia",Sunsets And Seashells [ 9 PM ],Gamechops,EDM
Biemsix,Bottles 'N Cups,Audiophile,EDM
BISBETIC,ELEVATOR,Spinnin Records,EDM
BISBETIC,DINOSAUR,Spinnin Records,EDM
Black Rabbit,Say It (Nicolas S. Remix),Audiophile,EDM
Black Rabbit,Say It (Gr1ffyn Remix),Audiophile,EDM
Black Rabbit,Say It,Audiophile,EDM
Blaster,Dark Spirit,Audiophile,EDM
Blaster & Bypass Bandits,Ghosts,Audiophile,EDM
bLiNd,Hypnoscrap ( Scrap Brain Zone ),Gamechops,EDM
bLiNd,Super Smash Bros Wii U & 3DS Main Theme Remix,Gamechops,EDM
bLiNd,Warrior's Saga,Gamechops,EDM
bLiNd,Hypnobandit,Gamechops,EDM
bLiNd,Are You My Creator,Gamechops,EDM
bLiNd,Needlemau5 (Sonic 3 Ending Theme),Gamechops,EDM
bLiNd,Mushroom Bounce (Super Mario Bros.),Gamechops,EDM
bLiNd,Dirty Coins (Super Mario Bros.),Gamechops,EDM
bLiNd,I Am Dracula (Castlevania),Gamechops,EDM
bLiNd,El Ganon Diablo (The Legend of Zelda),Gamechops,EDM
bLiNd,Killer Seaweed (Teenage Mutant Ninja Turtles),Gamechops,EDM
bLiNd,For a Friend's Soul (Final Fantasy),Gamechops,EDM
bLiNd,Put Em Up (Punch-Out!!),Gamechops,EDM
bLiNd,Skull King (MegaMan 2),Gamechops,EDM
bLiNd,All Systems Go (Metroid),Gamechops,EDM
bLiNd,Moonstyle (Ducktales),Gamechops,EDM
bLiNd,Ghosts N' Pills (VIP Mix),Gamechops,EDM
Bone N Skin,Toxic (EH!DE Remix),Audiophile,EDM
Bonobo,Wayward Bob,Ninjatune,EDM
Bonobo,We Could Forever,Ninjatune,EDM
Borgeous,Breathe,Spinnin Records,EDM
Borgeous & Tony Junior,Break the House,Spinnin Records,EDM
Borgore,Syrup (Boots N Pants Remix),Dim Mak,EDM
Borgore,Syrup,Dim Mak,EDM
Borgore,Ratchet (Reid Stefan Remix),Dim Mak,EDM
Borgore,Ratchet,Dim Mak,EDM
Borgore,Last Year (Steve Aoki Mainstage Remix),Dim Mak,EDM
Borgore,Last Year,Dim Mak,EDM
Borgore,Fame (Dan Farber Remix),Dim Mak,EDM
Borgore,Be Ourselves,Dim Mak,EDM
Botnek,Grindhouse (Steve Aoki Remix),Dim Mak,EDM
Botnek,Grindhouse,Dim Mak,EDM
Boy Kid Cloud & Tisoki,Departed,Disciple,EDM
Braken,To The Stars,Monstercat,EDM
Brass Monkey,Next Test (Blaster Remix),Audiophile,EDM
Brass Monkey,Next Test (AFK Remix),Audiophile,EDM
Brass Monkey,Next Test,Audiophile,EDM
Brass Monkey,Drench (Ye Ole' Lady Remix),Audiophile,EDM
Brass Monkey,Drench,Audiophile,EDM
Brass Monkey,Absolut,Audiophile,EDM
Brown and Gammon,West Coast (Instrumental),Circus Records,EDM
Brown and Gammon,West Coast,Circus Records,EDM
Brown and Gammon,The Force,Circus Records,EDM
Brown and Gammon,The Combination (AC Slater Remix),Circus Records,EDM
Brown and Gammon,The Combination,Circus Records,EDM
Brown and Gammon,The Bad Bounce,Circus Records,EDM
Brown and Gammon,Riddle Me This,Circus Records,EDM
Brown and Gammon,Painkillers,Circus Records,EDM
Brown and Gammon,How I Feel (Big Voyage Remix),Circus Records,EDM
Brown and Gammon,How I Feel,Circus Records,EDM
Brown and Gammon,Disco Music (Jakkin Rabbit Remix),Circus Records,EDM
Brown and Gammon,Disco Music,Circus Records,EDM
Brown and Gammon,Dark Matter (Doctor P & Mizuki Remix),Circus Records,EDM
Brown and Gammon,Dark Matter,Circus Records,EDM
Brown and Gammon,Blow My Mind,Circus Records,EDM
Brown and Gammon,Be There,Circus Records,EDM
Case & Point,Prism,Monstercat,EDM
Case & Point,Error Code,Monstercat,EDM
centron,One Dollar Smile,Disciple,EDM
centron,Hey Charlie!,Disciple,EDM
centron,Funk Me (Habstrakt Remix),Disciple,EDM
centron,Funk Me,Disciple,EDM
centron,Brownie Fever,Disciple,EDM
Chomstars,Solar Winds,Audiophile,EDM
Chomstars,Northern Lights,Audiophile,EDM
Chomstars,Hyrus,Audiophile,EDM
Chomstars,Alpha Herculis,Audiophile,EDM
Chris Poirier,Glimpse (FetOo Remix),Audiophile,EDM
Chris Poirier,Glimpse (Coldbeat Remix),Audiophile,EDM
Chris Poirier,Glimpse,Audiophile,EDM
Coda,Pls Go Fast ( Hydrocity Zone ) [ Hydrosanic Mix ],Gamechops,EDM
Codeko,Crest,No Copyright Sounds,EDM
Coldcut,Return to Margin,Ninjatune,EDM
Coldcut,Atomic Moog 2000 (Post Nuclear Afterlife Lounge Mix),Ninjatune,EDM
Coldcut,More Beats + Pieces (Daddy Rips It Up Mix),Ninjatune,EDM
Coldcut,Rubaiyat,Ninjatune,EDM
Coldcut,Pan Opticon,Ninjatune,EDM
Coldcut,Music 4 No Musicians,Ninjatune,EDM
Coldcut,Noah's Toilet,Ninjatune,EDM
Coldcut,Space Journey,Ninjatune,EDM
Coldcut,Timber,Ninjatune,EDM
Coldcut,Every Home a Prison [featuring Jello Biafra],Ninjatune,EDM
Coldcut,Cloned Again,Ninjatune,EDM
Coldcut,I'm Wild About That Thing (The Lost Sex Tapes: Position 1),Ninjatune,EDM
Congo Natty,Uk All Stars,Ninjatune,EDM
Cookie Monsta,Yow Momma (Northern Lights 128 Remix),Circus Records,EDM
Cookie Monsta,Yow Mamma (VIP Mix),Circus Records,EDM
Cookie Monsta,Yow Mamma (Northern Lights Remix),Circus Records,EDM
Cookie Monsta,Yow Mamma,Circus Records,EDM
Cookie Monsta,You Can Do It,Circus Records,EDM
Cookie Monsta,Time to Party,Circus Records,EDM
Cookie Monsta,Time To Get Crunk,Circus Records,EDM
Cookie Monsta,RIOT!,Circus Records,EDM
Cookie Monsta,R0807 D06,Circus Records,EDM
Cookie Monsta,Me Want Cookie,Circus Records,EDM
Cookie Monsta,Lucifer,Circus Records,EDM
Cookie Monsta,LMFA… NO,Circus Records,EDM
Cookie Monsta,Level Up,Circus Records,EDM
Cookie Monsta,Lets Get Wobbly,Circus Records,EDM
Cookie Monsta,HedRokkA,Circus Records,EDM
Cookie Monsta,Ginger Pubes,Circus Records,EDM
Cookie Monsta,Frontline,Circus Records,EDM
Cookie Monsta,Fat Girl Rodeo,Circus Records,EDM
Cookie Monsta,Cave of Gold,Circus Records,EDM
Cookie Monsta,Blurgh!,Circus Records,EDM
Cookie Monsta,Blame It On the Dog,Circus Records,EDM
Cookie Monsta,Big Booty Bass,Circus Records,EDM
Cookie Monsta and FuntCase,Atom Bomb (Matti Blair Remix),Circus Records,EDM
Cookie Monsta and FuntCase,Atom Bomb,Circus Records,EDM
Corporate,Turn It Up,Audiophile,EDM
Corporate,Scandal,Audiophile,EDM
Curbi,Dime,No Copyright Sounds,EDM
CURBI,DISCHARGE,Spinnin Records,EDM
Daedelus,Drops,Ninjatune,EDM
Daedelus,Fair Weather Friends,Ninjatune,EDM
DAHN,Mandarine (Wrechiski Remix),Audiophile,EDM
DAHN,Mandarine (Chaxxx Remix),Audiophile,EDM
DAHN,Mandarine,Audiophile,EDM
Dan Farber,Smoke That,Dim Mak,EDM
Dan Farber,Seizure Dance,Dim Mak,EDM
Dan Farber,Middle Eastern Jungle,Dim Mak,EDM
Dan Farber,Bellydancer,Dim Mak,EDM
Danny Avila & Merzo,BOOM! (Original Mix),Dim Mak,EDM
Datsik & Barely Alive,The Blastaz (Diskord Remix),Disciple,EDM
Datsik & Barely Alive,The Blastaz,Disciple,EDM
David Heartbreak,Yardcore Pressure,OWSLA,EDM
David Heartbreak,War of the Roses,OWSLA,EDM
David Heartbreak,Tonight ft. Skylar Grey,OWSLA,EDM
David Heartbreak,The Foundation Intro,OWSLA,EDM
David Heartbreak,Rose Colored Bass ft. Maluca,OWSLA,EDM
David Heartbreak,Rebel ft. Leftside (Trollphace Remix),OWSLA,EDM
David Heartbreak,Rebel ft. Leftside (AC Slater Remix),OWSLA,EDM
David Heartbreak,Rebel ft. Leftside,OWSLA,EDM
David Heartbreak,Heartbroken ft. Anna Yvette,OWSLA,EDM
David Heartbreak,Embrace the Unknown ft. Lisa Donnelly,OWSLA,EDM
David Heartbreak,Dub Da World,OWSLA,EDM
David Heartbreak,Brawnoff's Prelude of a Rose,OWSLA,EDM
David Heartbreak,Boogie Monster ft. Nicademass,OWSLA,EDM
David Heartbreak,Beast Mode (Get Ready 4 This),OWSLA,EDM
David Heartbreak,Armageddon ft. Chooky,OWSLA,EDM
David Heartbreak,Acid Youths (Legalize It!!!) ft. Simon Sayz & Feral is Kinky,OWSLA,EDM
Dead Exit,Love Me,Circus Records,EDM
DEAF KEV,Invincible,NoCopyrightSounds,EDM
Desmeon,"On That Day (ft. ElDiablo, Flint & Zadik)",No Copyright Sounds,EDM
Deutgen & Hellberg & Splitbreed & Astronaut,Collide (Astronaut & Barely Alive Remix),Monstercat,EDM
Dezza,Heavy,Spinnin Records,EDM
Diamond Eyes,You & Me,Disciple,EDM
Diamond Eyes,Tonight,Disciple,EDM
Diamond Eyes,Rivers,Disciple,EDM
Diamond Eyes,Oceans,Disciple,EDM
Diamond Eyes,Night Life,Disciple,EDM
Diamond Eyes,leave,Disciple,EDM
Diamond Eyes,Here We Are,Disciple,EDM
Diamond Eyes,Diamond Eyes - Night Life (501 Remix),Disciple,EDM
Diamond Eyes,A Thousand Years,Disciple,EDM
Different Heaven & EH!DE,My Heart,No Copyright Sounds,EDM
Different Heaven Feat. ReesaLunn,Pentakill,No Copyright Sounds,EDM
Digital Toys,Everywhere We Go (Prismatic Remix),Audiophile,EDM
Digital Toys,DAYUM!,Audiophile,EDM
Direct & Mr FijiWiji,Hysteria,Monstercat,EDM
Dirty Audio,Happy Hour (feat. Will Brennan),Dim Mak,EDM
Dirty Audio,Blackout (feat. Yultron),Dim Mak,EDM
Dirty Zblu,Flames (Slowface Remix),Audiophile,EDM
Dirtyphonics,The Mechanism,Dim Mak,EDM
Dirtyphonics,Since You’ve Been Gone (feat. Matt Rose),Dim Mak,EDM
Dirtyphonics,Prelude (Black),Dim Mak,EDM
Dirtyphonics,Power Now (feat. Matt Rose),Dim Mak,EDM
Dirtyphonics,Dirty,Dim Mak,EDM
Dirtyphonics,Chaos,Dim Mak,EDM
Dirtyphonics & 12th Planet,Freefall (feat. Julie Hardy),Dim Mak,EDM
Dirtyphonics & ?Z,Hustle Hard (feat. Trinidad Jame$),Dim Mak,EDM
Disfigure,Hollah!,No Copyright Sounds,EDM
Disfigure,Blank,No Copyright Sounds,EDM
Diskord,Tell Me Why,Circus Records,EDM
Diskord,Go Hard,Circus Records,EDM
Distrion|Electro-Light,Rubik,NoCopyrightSounds,EDM
Diviners feat. Contacreast,Tropic Love,NoCopyrightSounds,EDM
Dj CUTMAN,Arabian Skies ( Star Light Zone ),Gamechops,EDM
Dj CUTMAN,Trapped in a Pok,Gamechops,EDM
Dj CUTMAN,Yoshi's House ft. James Landino,Gamechops,EDM
Dj CUTMAN,Cosmo Canyon ft. Grimecraft,Gamechops,EDM
Dj CUTMAN,Mabe Village (Zelda: Link's Awakening),Gamechops,EDM
Dj CUTMAN,Sword Search,Gamechops,EDM
Dj CUTMAN,Awakening (Overworld),Gamechops,EDM
Dj CUTMAN,The Woods,Gamechops,EDM
Dj CUTMAN,Dungeons,Gamechops,EDM
Dj CUTMAN,Mountain Range (Tal Tal Heights),Gamechops,EDM
Dj CUTMAN,Ballad Of The Wind Fish,Gamechops,EDM
Dj CUTMAN,Celes (Final Fantasy VI),Gamechops,EDM
Dj CUTMAN,Overworld,Gamechops,EDM
Dj CUTMAN,I Am Error,Gamechops,EDM
Dj CUTMAN,Bagu and the Riverman,Gamechops,EDM
Dj CUTMAN,Title,Gamechops,EDM
Dj CUTMAN,I Know Nothing,Gamechops,EDM
"Dj CUTMAN, Ralfington",Beneath a Hollow Moon (Agn,Gamechops,EDM
"Dj CUTMAN, Ralfington",You Are My Hope (Tiz),Gamechops,EDM
"Dj CUTMAN, Ralfington",Love's Vagrant (Ringabel),Gamechops,EDM
"Dj CUTMAN, Ralfington",Baby Bird (Edea),Gamechops,EDM
DJ Food,Percussions Map Part 1,Ninjatune,EDM
DJ Food,Full Bleed,Ninjatune,EDM
dj-Jo,Green Hill Step ( Green Hill Zone ),Gamechops,EDM
dj-Jo,Katamari On The Rocks,Gamechops,EDM
dj-Jo,Lonely Rolling Star,Gamechops,EDM
dj-Jo,Roll Me In,Gamechops,EDM
dj-Jo,Cherry Blossom Color Season,Gamechops,EDM
dj-Jo,You Are Smart,Gamechops,EDM
dj-Jo,Beat The Angel (Tales of Symphonia Dubstep),Gamechops,EDM
dj-Jo,Fighting Of The Spirit (Tales of Symphonia Dubstep),Gamechops,EDM
dj-Jo,End Of A Thought (Tales of Symphonia Dubstep),Gamechops,EDM
dj-Jo,Fatalize (Tales of Symphonia Dubstep),Gamechops,EDM
dj-Jo,Midna's Lament,Gamechops,EDM
dj-Jo,Tal Tal Heights,Gamechops,EDM
dj-Jo,Miniboss,Gamechops,EDM
dj-Jo,Hyrule Field,Gamechops,EDM
dj-Jo,Fi's Theme,Gamechops,EDM
DM Galaxy,Paralyzed (feat. Tyler Fiore),No Copyright Sounds,EDM
DM Galaxy,Bad Motives (feat. Aloma Steele),No Copyright Sounds,EDM
Doctor P,The Sound of Science,Circus Records,EDM
Doctor P,Shishkabob,Circus Records,EDM
Doctor P,Going Gorillas,Circus Records,EDM
Dodge & Fuski,Vibes,Disciple,EDM
Dodge & Fuski,Turn It Up (Xilent Remix),Disciple,EDM
Dodge & Fuski,The Clap,Disciple,EDM
Dodge & Fuski,Rewind,Disciple,EDM
Dodge & Fuski,Python VIP,Disciple,EDM
Dodge & Fuski,Killer Bees,Disciple,EDM
Dodge & Fuski,Got 2 Come Together (501 Remix),Disciple,EDM
Dodge & Fuski,Distress Signal,Disciple,EDM
Dodge & Fuski,Cat & Mouse,Disciple,EDM
Dodge & Fuski,Call My Name Ft. 720 (Astronaut Remix Remix),Disciple,EDM
Dodge & Fuski,Bringing Wobble Back,Disciple,EDM
Dodge & Fuski & Nick Thayer,Playboy (Fox Stevenson Remix),Disciple,EDM
Dodge & Fuski & Nick Thayer,Playboy (Barely Alive Remix),Disciple,EDM
Dodge & Fuski & Nick Thayer,Playboy,Disciple,EDM
Dodge & Fuski and Barely Alive,Poison,Disciple,EDM
Dodge & Fuski and Culprate,Vice (Phetsta Remix),Disciple,EDM
Dodge & Fuski and Culprate,Vice,Disciple,EDM
Dodge & Fuski Ft. JFB,Stope What You're Doing (The McMash Clan Remix),Disciple,EDM
Dodge & Fuski Ft. JFB,Stop What You're Doing Ft. JFB,Disciple,EDM
Dodge & Fuski Ft. Messinian,Bad Ft. Messinian (Flinch Remix),Disciple,EDM
Dodge & Fuski Ft. Splitbreed,Bringing Wobble Back (Bar9 Remix),Disciple,EDM
Doni,Forest Maze,Gamechops,EDM
Doni,Doopliss Boss Theme,Gamechops,EDM
Doni,X-Naut Base,Gamechops,EDM
Doni,Yoshi Island,Gamechops,EDM
Doni,Fight Against Bowser,Gamechops,EDM
DotEXE,Battle Cry,Monstercat,EDM
Dr. Ozi,Jolly Molly,Audiophile,EDM
Dr. Ozi,In My Zone,Audiophile,EDM
Draper,With You (feat. Alby Hobbs),Monstercat,EDM
Dropgun,Amsterdam,Spinnin Records,EDM
Dropouts,Unity (feat. Aloma Steele),No Copyright Sounds,EDM
Dropouts,Let Go,No Copyright Sounds,EDM
Droptek,Boundaries,Monstercat,EDM
Dualive,Final Round (Fatso Remix),Audiophile,EDM
Dualive,Final Round,Audiophile,EDM
Dubsidia,Marvel,Disciple,EDM
Dubsidia,Lummox,Disciple,EDM
Dubsidia,I Kill You In My dream,Disciple,EDM
E.K.O,Something About You (Noxes Remix),Audiophile,EDM
ECHE PALANTE,A DISCUSSION BETWEEN SAXES,Spinnin Records,EDM
ectogemia,"Moonlit Memories [ 1 AM, Wild World ]",Gamechops,EDM
Eitro,Love 2.0,Spinnin Records,EDM
Electric Joy Ride,Origin,No Copyright Sounds,EDM
Electro-Light,Symbolism,No Copyright Sounds,EDM
Electro-Light,Night Shines (feat. Nathan Brumley),No Copyright Sounds,EDM
Electro-Light,Fall For Gravity feat. Nathan Brumley,No Copyright Sounds,EDM
Electro-Light|Nathan Brumley,Night Shines,NoCopyrightSounds,EDM
F.O.O.L,Keep on Rocking,Monstercat,EDM
FaltyDL,Straight & Arrow,Ninjatune,EDM
FaltyDL,Ahead The Ship Sleeps,Ninjatune,EDM
FaltyDL,New Haven,Ninjatune,EDM
Favright,Taking Over (feat. Cassandra Kay),Monstercat,EDM
"FAW9, VALDERRAMA (COL), STAMEN",ENJOY THE DEEP,Spinnin Records,EDM
Feint,Phosphor (feat. Miyoki),Monstercat,EDM
FELGUK,MONSTA SKUNK,Spinnin Records,EDM
Felguk,C'mon Rave On,Spinnin Records,EDM
Felguk,Can You Feel it,Spinnin Records,EDM
Felix Cartal & Autoerotique,Heat,Dim Mak,EDM
FetOo,Xenomorph,Audiophile,EDM
FetOo,Funk Off (Strangers Remix),Audiophile,EDM
FetOo,Funk Off (Nicolas S. Remix),Audiophile,EDM
FetOo,Funk Off (Dirty Stab Remix),Audiophile,EDM
FetOo,Funk Off (Anarchy Remix),Audiophile,EDM
Firebeatz,Max Ammo,Spinnin Records,EDM
Firebeatz,Bazooka,Spinnin Records,EDM
FIREBEATZ,ARSONIST,Spinnin Records,EDM
Firebeatz & Schella,Switch,Spinnin Records,EDM
Flexstyle,Antifreeze ( Ice Cap vs Chemical Plant Zone ),Gamechops,EDM
FLIPPERS,TROMBONE,Spinnin Records,EDM
FOX STEVENSON,SWEETS (SODA POP),Spinnin Records,EDM
Fractal,Duality,Monstercat,EDM
Frantix,Impunity,Audiophile,EDM
"Friendzone Feat, The Eden Project",Iris,No Copyright Sounds,EDM
Frisber,Deep In Your Soul,Audiophile,EDM
Funkin Matt,America,Fools Gold,EDM
FuntCase,Voodew,Circus Records,EDM
FuntCase,Titanium ft. Daniil Svetl,Circus Records,EDM
FuntCase,Stomptown,Circus Records,EDM
Funtcase,So Vexed,Circus Records,EDM
FuntCase,Pussyoles (War Dub S,Circus Records,EDM
FuntCase,Predator,Circus Records,EDM
FuntCase,Out For Da Milli (Annix Remix),Circus Records,EDM
FuntCase,Out For Da Milli,Circus Records,EDM
Funtcase,Mattress Punch,Circus Records,EDM
FuntCase,FAIL!,Circus Records,EDM
FuntCase,Everybody Knows,Circus Records,EDM
FuntCase,Don't P*ss Me Off ft. MI,Circus Records,EDM
FuntCase,Angry Claws,Circus Records,EDM
FuntCase,Acid Riddim,Circus Records,EDM
FuntCase and Cookie Monsta,Adrenaline,Circus Records,EDM
FuntCase and Engine Earz,Charged Particle ft. Le,Circus Records,EDM
FuntCase and Max Headroom,Let's Do It,Circus Records,EDM
Fusk Asker,Bully (Still Alive Remix),Audiophile,EDM
Fusk Asker,Bully (Nuclear Revolt Remix),Audiophile,EDM
Fusk Asker,Bully,Audiophile,EDM
Garmiani,Zaza,Dim Mak,EDM
Garmiani,Rumble Motherfucker,Dim Mak,EDM
Garmiani,Rumble,Dim Mak,EDM
Garmiani,Nomad,Dim Mak,EDM
Garmiani,Dance Motherfucker,Dim Mak,EDM
Garmiani,Behind You - Salvatore Ganacci Remix,Dim Mak,EDM
Garmiani,Behind You,Dim Mak,EDM
Genetix,Squid Attack (Funtcase Remix),Circus Records,EDM
Genetix,Chimneys,Circus Records,EDM
Genetix,Bassline Business,Circus Records,EDM
Gent & Jawns,Fireball,Mad Decent,EDM
gLAdiator,Work,Fools Gold,EDM
Grabbitz,Here With You Now,Monstercat,EDM
Grandtheft,Mobbin,Mad Decent,EDM
Grant Bowtie,Cloud Nine,Monstercat,EDM
Grimecraft,Escape from The City ( Sonic Adventure 2 ),Gamechops,EDM
Grimecraft,Color of the Summer Sky (Secret of Mana Remix),Gamechops,EDM
Grimecraft,Animal Crossing - One for Kapp'n ft. Maxo,Gamechops,EDM
Grimecraft,Lonely Rolling Star (Grimecraft's Kawaii Klub Remix),Gamechops,EDM
Grimecraft,"Yo, She...",Gamechops,EDM
Grimecraft,Victory Fanfare ft. Anigif (Final Fantasy VII),Gamechops,EDM
Grimecraft,J.E.N.O.V.A. (Final Fantasy VII),Gamechops,EDM
Habstrakt,Listen VIP,Disciple,EDM
Habstrakt,Listen (Sub Antix Remix),Disciple,EDM
Habstrakt,Listen,Disciple,EDM
halc,Welcome To Club Kong (DK Island Swing),Gamechops,EDM
halc,Swept Away (Aquatic Ambience),Gamechops,EDM
halc,Monkey And Machine (Fear Factory),Gamechops,EDM
halc,Da Mines (Mining Melancholy),Gamechops,EDM
halc,Forever Frozen (In a Snow-Bound Land),Gamechops,EDM
halc,Da Mines (Dj CUTMAN Remix),Gamechops,EDM
halc,Moon Garage,Gamechops,EDM
halc,Moon Garage (Dj CUTMAN Remix),Gamechops,EDM
Halvorsen,She Got Me Like,NoCopyrightSounds,EDM
HARD ROCK SOFA,COLLAPSAR,Spinnin Records,EDM
Haywyre,The Schism,Monstercat,EDM
Haywyre,Synergy,Monstercat,EDM
Heinrich & Heine,Step Six,Spinnin Records,EDM
High Klassified,Scopola,Fools Gold,EDM
Higher Self ft. Lauren Mason,Ghosts,Spinnin Records,EDM
Hosting Bass,Living Dead,Audiophile,EDM
Hosting Bass,Hands To The Sky (Troublegum Remix),Audiophile,EDM
Hosting Bass,Hands To The Sky (Phrenik Remix),Audiophile,EDM
Hosting Bass,Hands To The Sky (FetOo Remix),Audiophile,EDM
Hosting Bass,Hands To The Sky,Audiophile,EDM
Hot Shit! & Awst Rush,Lovin' U,Audiophile,EDM
Hundred Waters,Xtalk,OWSLA,EDM
Hundred Waters,Wonderboom,OWSLA,EDM
Hundred Waters,Visitor,OWSLA,EDM
Hundred Waters,Thistle (TOKiMONSTA Remix),OWSLA,EDM
Hundred Waters,Thistle (Star Slinger Remix),OWSLA,EDM
Hundred Waters,Thistle (Lockah Remix),OWSLA,EDM
Hundred Waters,Thistle (Different Sleep & Troublemaker Remix),OWSLA,EDM
Hundred Waters,Thistle (AraabMuzik Remix),OWSLA,EDM
Hundred Waters,Thistle,OWSLA,EDM
Hundred Waters,Theia,OWSLA,EDM
Hundred Waters,Sonnet,OWSLA,EDM
Hundred Waters,Show Me Love,OWSLA,EDM
Hundred Waters,Seven White Horses,OWSLA,EDM
Hundred Waters,Out Alee,OWSLA,EDM
Hundred Waters,No Sound,OWSLA,EDM
Hundred Waters,Murmurs,OWSLA,EDM
Hundred Waters,Me & Anodyne,OWSLA,EDM
Hundred Waters,Innocent,OWSLA,EDM
Hundred Waters,Hydrodictyon (iTunes Bonus Track),OWSLA,EDM
Hundred Waters,Gather,OWSLA,EDM
Hundred Waters,Down From The Rafters (Tim Hecker Remix),OWSLA,EDM
Hundred Waters,Down From The Rafters (The Field Remix),OWSLA,EDM
Hundred Waters,Down From The Rafters (Huxley Remix),OWSLA,EDM
Hundred Waters,Down From The Rafters,OWSLA,EDM
Hundred Waters,Chambers (Passing Train),OWSLA,EDM
Hundred Waters,Cavity,OWSLA,EDM
Hundred Waters,Caverns,OWSLA,EDM
Hundred Waters,Broken Blue,OWSLA,EDM
Hundred Waters,Boreal (Teebs Remix),OWSLA,EDM
Hundred Waters,Boreal (Phantoms Remix),OWSLA,EDM
Hundred Waters,Boreal (Daedalus Remix),OWSLA,EDM
Hundred Waters,Boreal (Brillz Remix),OWSLA,EDM
Hundred Waters,Boreal (Blood Diamonds Remix),OWSLA,EDM
Hundred Waters,Boreal,OWSLA,EDM
Hundred Waters,Are/Or,OWSLA,EDM
Hundred Waters,[Animal],OWSLA,EDM
Hundred Waters,. . . __ __ __ . . .,OWSLA,EDM
Husko ft. Joe Muscat,Fall,Audiophile,EDM
"I,Y,F,F,E",Torada (E-Cologyk Remix),Audiophile,EDM
"I,Y,F,F,E",Torada (Duckfront Remix),Audiophile,EDM
"I,Y,F,F,E",Torada,Audiophile,EDM
I.Y.F.F.E,Torada (Troublegum Remix),Audiophile,EDM
I.Y.F.F.E,Torada (Jaycen A'mour Remix),Audiophile,EDM
I.Y.F.F.E,Drama Queen (VIP Mix),Audiophile,EDM
I.Y.F.F.E,Drama Queen (Omar Varela Remix),Audiophile,EDM
I.Y.F.F.E,Drama Queen (Murtagh Remix),Audiophile,EDM
I.Y.F.F.E,Drama Queen (Modern Dealer Remix),Audiophile,EDM
I.Y.F.F.E,Drama Queen (Andy Bianchini Remix),Audiophile,EDM
I.Y.F.F.E,Drama Queen,Audiophile,EDM
Ibranovski,Vicious,Spinnin Records,EDM
Illum Sphere,Sleep Runner,Ninjatune,EDM
Illum Sphere,Spectre Vex,Ninjatune,EDM
ISPOLINS,RUNL,Spinnin Records,EDM
Itro,Panda,No Copyright Sounds,EDM
Itro feat. K,Skyward Bound,NoCopyrightSounds,EDM
Itro|Valcos,Starbound,NoCopyrightSounds,EDM
Jack Beats,The Ill Shit,OWSLA,EDM
Jack Beats,Beatbox (Big Mack Extended Edit),OWSLA,EDM
Jack Beats,Beatbox,OWSLA,EDM
Jaga Jazzist,Toccata,Ninjatune,EDM
Jaga Jazzist,Oban (Todd Terje remix),Ninjatune,EDM
Jahan Lennon,Can't Ruin My Fun,Mad Decent,EDM
James Egbert,Zenith,Icon Collective,EDM
James Egbert,You & Me,Icon Collective,EDM
James Egbert,The Crest,Icon Collective,EDM
James Egbert,The Climb,Icon Collective,EDM
James Egbert,Tear The Facade,Icon Collective,EDM
James Egbert,Smoke Signal,Icon Collective,EDM
James Egbert,Pep Talk,Icon Collective,EDM
James Egbert,Floating,Icon Collective,EDM
James Egbert,Falling Or Fallen,Icon Collective,EDM
James Egbert,Exit Wounds,Icon Collective,EDM
James Egbert,Evening's Gradient,Icon Collective,EDM
James Egbert,Broken,Icon Collective,EDM
James Egbert,Autumn's Fading Sun,Icon Collective,EDM
James Landino,Hyrule Dungeon (Courage),Gamechops,EDM
Jauz,Feel The Volume,Mad Decent,EDM
Jesse Hutton,Toxic Freak,Audiophile,EDM
Jesse Slayter & Wuki,That's Right,Mad Decent,EDM
Jim Yosef,Lights,NoCopyrightSounds,EDM
Johnny Third,Young Ones (feat. Jeremy Fowler),No Copyright Sounds,EDM
Josh Money,Zombie Step,Fixt,EDM
Josh Money,Creation Craze,Fixt,EDM
Josh Money,A Beat Away,Fixt,EDM
Josh Money,The Rusted Quilt,Fixt,EDM
Josh Money,The Android Factory,Fixt,EDM
Josh Money,Ball Chain Necklace,Fixt,EDM
Josh Money,You're the Instrument (feat. Hal Galper),Fixt,EDM
Josh Money,Carve (Blue Stahli Reprise),Fixt,EDM
Josh Money,Moonlight $onata,Fixt,EDM
Josh Money,Be Alright,Fixt,EDM
Joshua Morse,Stardust ( Stardust Speedway ),Gamechops,EDM
Joshua Morse,FLESH FLASH (Castlevania 3: Beginning),Gamechops,EDM
Joshua Morse,Vampire Snap 2 (Castlevania: Vampire Killer),Gamechops,EDM
Joshua Morse,Necrosis (Castlevania 3: Dead Beat),Gamechops,EDM
Joshua Morse,Tears of Blood (Castlevania: Bloody Tears),Gamechops,EDM
Joshua Morse,Drift,Gamechops,EDM
Joshua Morse,Gear Shifter,Gamechops,EDM
Joshua Morse,Jinbae's Ride,Gamechops,EDM
Joshua Morse,Road Trip,Gamechops,EDM
Joshua Morse,Gear Shifter (bLiNd Remix),Gamechops,EDM
Joshua Morse,ROYGBIV (Super Mario Kart (Rainbow Road)),Gamechops,EDM
Joshua Morse,Fossil Fuels (Sonic the Hedgehog 2 (Oil Ocean Zone)),Gamechops,EDM
Joshua Morse,Boo! Step (Super Mario World (Castle)),Gamechops,EDM
Joshua Morse,Cave Beat (Donkey Kong Country (Mining Melancholy)),Gamechops,EDM
Joshua Morse,"Manta Ray's Reward (Super Mario 64 (Dire, Dire Docks))",Gamechops,EDM
Joshua Morse,Crash Bomber (Mega Man 2 (Crash Man Stage),Gamechops,EDM
Joshua Morse,Run And Gun (La Tale (Western Gun Run)),Gamechops,EDM
Joshua Morse,Chronosphere (Chrono Trigger (World Revolution)),Gamechops,EDM
JPB,High,NoCopyrightSounds,EDM
JUICY TRAX & SWITCH OFF,GRAMOPHONE,Spinnin Records,EDM
JULIAN JORDAN,THE TAKEDOWN,Spinnin Records,EDM
Julian Jordan,Rock Steady,Spinnin Records,EDM
Julian Jordan,Ramcar,Spinnin Records,EDM
KAOS,Come Alive (Regulators Remix),Circus Records,EDM
KAOS,Come Alive,Circus Records,EDM
Kasger,Highland,NoCopyrightSounds,EDM
Kasger & Limitless,Miles Away,NoCopyrightSounds,EDM
Kate Tempest,The Truth,Ninjatune,EDM
Kelis,Friday Fish Fry - Maribou State remix,Ninjatune,EDM
Kelis,Runnin,Ninjatune,EDM
Kelis,Jerk Ribs Mount Kimbie remix,Ninjatune,EDM
Kevin Villecco,Yoshi's Back,Gamechops,EDM
Kevin Villecco,No Yoshin' Around ft. Mega Ran,Gamechops,EDM
Kevin Villecco,Yoshi On A Half Shell,Gamechops,EDM
Kevin Villecco,Yoshigemia ft. ectogemia,Gamechops,EDM
Kevin Villecco,Yoshi Grand Prix ft. RobKTA,Gamechops,EDM
Kevin Villecco,Yoshi's Resort ft. Ben Briggs,Gamechops,EDM
Kevin Villecco,"Damn, Yoshi ft. Ben Briggs",Gamechops,EDM
Kevin Villecco,Ballad Of The Yoshis ft. Kubbi,Gamechops,EDM
Kevin Villecco,Kefka ( Final Fantasy VI ),Gamechops,EDM
Kid Koala,Denouenment,Ninjatune,EDM
Kid Koala,Skanky Panky,Ninjatune,EDM
King Kornelius,Me And You (Nanoo Remix),Audiophile,EDM
King Kornelius,Me And You (Menic Remix),Audiophile,EDM
King Kornelius,Me And You (INVESTOR! Remix),Audiophile,EDM
King Kornelius,Me And You,Audiophile,EDM
King Kornelius,Early Morning (Sirensceol Remix),Audiophile,EDM
King Kornelius,Early Morning (indO Remix),Audiophile,EDM
King Kornelius,Early Morning,Audiophile,EDM
King Midas Sound,Aroo,Ninjatune,EDM
KOAN Sound,The Edge,OWSLA,EDM
KOAN Sound,Talkbox,OWSLA,EDM
KOAN Sound,Talk Box (Kill The Noise Remix),OWSLA,EDM
KOAN Sound,Sly Fox (Opiuo Remix),OWSLA,EDM
KOAN Sound,Sly Fox,OWSLA,EDM
KOAN Sound,"Meanwhile, In The Future",OWSLA,EDM
KOAN Sound,Lost In Thought,OWSLA,EDM
KOAN Sound,Introvert,OWSLA,EDM
KOAN Sound,Infinite Funk,OWSLA,EDM
KOAN Sound,Funk Blaster,OWSLA,EDM
KOAN Sound,Eastern Thug (Neosignal Remix),OWSLA,EDM
KOAN Sound,Eastern Thug,OWSLA,EDM
KOAN Sound,Dynasty,OWSLA,EDM
KOAN Sound,80s Fitness (Reso Remix),OWSLA,EDM
KOAN Sound,80s Fitness,OWSLA,EDM
KOAN Sound,7th Dimension,OWSLA,EDM
KOAN Sound & Asa,Tetsuo's Redemption,OWSLA,EDM
KOAN Sound & Asa,Starlite,OWSLA,EDM
KOAN Sound & Asa,Sanctuary,OWSLA,EDM
KOAN Sound & Asa,Fuego,OWSLA,EDM
Kontinuum,Aware,NoCopyrightSounds,EDM
Krale,Frontier (ft. Jasmina Lin & Jay Christopher),No Copyright Sounds,EDM
Krys Talk,Fly Away,NoCopyrightSounds,EDM
Krys Talk,Fly Away (Mendum Remix),NoCopyrightSounds,EDM
Krys Talk,Fly Away (JPB Remix),NoCopyrightSounds,EDM
Krys Talk,Fly Away (Ray Volpe),NoCopyrightSounds,EDM
Krys Talk,Fly Away (Cole Sipe),NoCopyrightSounds,EDM
Krys Talk & Cole Sipe,Way Back Home,No Copyright Sounds,EDM
LA FUENTE,SELECTAH,Spinnin Records,EDM
LA FUENTE,OUTLAW,Spinnin Records,EDM
LA Riots,Right Now,Dim Mak,EDM
LA Riots,Let You Go (feat. Ineabell) (LA Riots Burn It Down VIP),Dim Mak,EDM
LA Riots,Let You Go (feat. Ineabell) (Bare Remix),Dim Mak,EDM
LA Riots,Burn It Down,Dim Mak,EDM
Landis,Hypnotica,Spinnin Records,EDM
LarsM,Lovers,NoCopyrightSounds,EDM
LarsM & Side-B ft. Aloma Steele,Over,No Copyright Sounds,EDM
Laszlo,Interstellar,Monstercat,EDM
Laszlo & WRLD,You & Me,Monstercat,EDM
Lee Bannon,216,Ninjatune,EDM
Lee Bannon,Artificial Stasis,Ninjatune,EDM
Lensko,Let’s Go! (single),No Copyright Sounds,EDM
Lensko,Circles,No Copyright Sounds,EDM
Lensko,Cetus,No Copyright Sounds,EDM
Lensko,Sarvagon 2015,NoCopyrightSounds,EDM
Lensko,Let's Go!,NoCopyrightSounds,EDM
Lensko,Titsepoken 2015,NoCopyrightSounds,EDM
LEON BOLIER,MIND GAMES,Spinnin Records,EDM
Letherette,After Dawn,Ninjatune,EDM
Letherette,D&T,Ninjatune,EDM
Lorn,Dead Dogs,Ninjatune,EDM
Lorn,Weigh Me Down,Ninjatune,EDM
LUTE,TIDAL WAVES,Spinnin Records,EDM
Lux,Shapes,Audiophile,EDM
Lux,High Rollin',Audiophile,EDM
Lux,Audrey,Audiophile,EDM
LVTHER,One Look (feat. Mammals),Monstercat,EDM
MADDIX,RAMPANT,Spinnin Records,EDM
Main Reaktor,Awakening,NoCopyrightSounds,EDM
Marc Rushmore,Turn It Up,Audiophile,EDM
Marnik,Gladiators,Dim Mak,EDM
Martyn,Fashion Skater,Ninjatune,EDM
Martyn,Empty Mind,Ninjatune,EDM
Matthew Blake feat. Katie Boyle,Saved Me Now,No Copyright Sounds,EDM
Matthew Blake|Tyler Fiore,Upside Down,NoCopyrightSounds,EDM
MAURICE WEST,FORMULA,Spinnin Records,EDM
Mega Flare,Hunter (Castlevania Chiptune Remix),Gamechops,EDM
Mega Flare,Blood Demon (Castlevania Chiptune Remix),Gamechops,EDM
Mega Flare,Rush To Sky Lagoon (Stage Select),Gamechops,EDM
Mega Flare,Climb The Tower (Boomer Kuwanger),Gamechops,EDM
Mega Flare,The Right Doctor (Dr. Light),Gamechops,EDM
Mega Flare,Zero Tolerance (Zero's Theme),Gamechops,EDM
Megalodon,Killer Instinct,Disciple,EDM
MEM,ECCO,Spinnin Records,EDM
Mendum,Stay With Me (Krys Talk Remix),No Copyright Sounds,EDM
Mendum,Stay With Me,No Copyright Sounds,EDM
Mendum,One Third,NoCopyrightSounds,EDM
MERCER,SUPREME,Spinnin Records,EDM
Mercer & Autoerotique,Murda Dem,Dim Mak,EDM
MIGHTYFOOLS,GARUDA,Spinnin Records,EDM
MIKE HAWKINS,SOLDIERS,Spinnin Records,EDM
MIKE HAWKINS,REVOLT,Spinnin Records,EDM
MIKE HAWKINS & JETFIRE,DESERT STORM,Spinnin Records,EDM
Mitch Murder,Thanks For Playing,Mad Decent,EDM
Mizuki,Uppercut,Circus Records,EDM
Mizuki,Punch Out,Circus Records,EDM
Mizuki,Plus One,Circus Records,EDM
Mizuki,Oh Yeah,Circus Records,EDM
Mizuki,Helios,Circus Records,EDM
Mizuki,Damn F*#cking Right (Odjbox Remix),Circus Records,EDM
Mizuki,Damn F*#cking Right,Circus Records,EDM
Mizuki,Block Party (Cyran Remix),Circus Records,EDM
Mizuki,Block Party,Circus Records,EDM
Modern Dealer,We Can Make It,Audiophile,EDM
Modern Dealer,That's The Game,Audiophile,EDM
Modern Dealer,Slomo,Audiophile,EDM
Modern Dealer,Round 01,Audiophile,EDM
Modern Dealer,Modern Glitch,Audiophile,EDM
Modern Dealer,Michael Night,Audiophile,EDM
Modern Dealer,Cartel,Audiophile,EDM
Modern Dealer,Back To Reality,Audiophile,EDM
Modern Dealer,Another Disco,Audiophile,EDM
Monkey Freakz,Spell On Me (Understand Remix),Audiophile,EDM
Monkey Freakz,Spell On Me,Audiophile,EDM
Monkey Freakz & The Phat Crew,Fast Reverse,Audiophile,EDM
MOTI & KENNETH G,ZEUS,Spinnin Records,EDM
MR BELT & WEZOL,TIME,Spinnin Records,EDM
MR BELT & WEZOL,SHIVER,Spinnin Records,EDM
Mr FijiWiji,Out On a Limb (feat. Jonny Rose),Monstercat,EDM
Mr Scruff,Ug,Ninjatune,EDM
Mr Scruff,Kalimba,Ninjatune,EDM
Muzzy,The Phantom (feat. High Maintenance),Monstercat,EDM
Mykah,Space Boss ( Final Boss ),Gamechops,EDM
Mykah,Prelude ( Drum and Bass VIP Mix ),Gamechops,EDM
Mykah,Awakening ( Up All Night Mix ),Gamechops,EDM
Mykah,The Man With The Machine Gun ( Chiptune Remix ),Gamechops,EDM
Mykah,Prelude (Final Fantasy),Gamechops,EDM
Mykah,Awakening,Gamechops,EDM
Mykah,Chocobos,Gamechops,EDM
Mykah,Force Your Way,Gamechops,EDM
Mykah,The Landing,Gamechops,EDM
Mykah,J.E.N.O.V.A.,Gamechops,EDM
Mykah,Triple Triad,Gamechops,EDM
Mykah,Fighting,Gamechops,EDM
Mykah,The Man With The Machine Gun,Gamechops,EDM
Mykah,Kefka,Gamechops,EDM
Mykah,Fanfare,Gamechops,EDM
Mykah,Celes,Gamechops,EDM
Mykah,Green Greens,Gamechops,EDM
Mykah,Mecheye,Gamechops,EDM
Mykah,Halfmoon,Gamechops,EDM
Mykah,You Gained 100XP (Not that it Matters),Gamechops,EDM
Mykah,Showdown at Mount Dedede,Gamechops,EDM
Mykah,Underworld,Gamechops,EDM
Mykah,Palace,Gamechops,EDM
Mykah,Darkworld,Gamechops,EDM
Mykah,Dungeon,Gamechops,EDM
Mykah,Battle with Ganon,Gamechops,EDM
nanobii,Rainbow Road,Monstercat,EDM
Neologic,Long Ride,Audiophile,EDM
Nick Catchdubs,Wuts That (Feat. B.I.C.),Fools Gold,EDM
Nick Double & NAYEE,Smash,Audiophile,EDM
Nick Double & NAYEE,In The Sky,Audiophile,EDM
Nick Double & NAYEE,Ballista,Audiophile,EDM
Nick Double & NAYEE feat. Lovado,Blaster,Audiophile,EDM
"Nicolas S, Funkeaz",Hardline,Audiophile,EDM
Nitro Fun,#Yolo (Junkie Kid Remix),Audiophile,EDM
Nitro Fun,#Yolo,Audiophile,EDM
Nitro Fun,#Swag,Audiophile,EDM
Nitro Fun,New Game,Monstercat,EDM
Nitro Fun,Cheat Codes,Monstercat,EDM
Noisestorm,Surge,Monstercat,EDM
Noisestorm,Sentinel,Monstercat,EDM
OCTiV,Fatality (Original Mix),Fixt,EDM
OCTiV,Fatality (Mark Instinct Remix),Fixt,EDM
OCTiV,Fatality (ForeverKID Remix),Fixt,EDM
OCTiV,Fatality (Nerd Rage Remix),Fixt,EDM
OCTiV,Vitcode,Fixt,EDM
OCTiV,Die Tonight,Fixt,EDM
OCTiV,Death Twerk (feat. ForeverKID),Fixt,EDM
OCTiV,Dark One,Fixt,EDM
OCTiV,Infernal (feat. Celldweller),Fixt,EDM
OCTiV,Eden (feat. 'O'),Fixt,EDM
Odjbox,Sloth,Circus Records,EDM
OLIVER HELDENS,KOALA,Spinnin Records,EDM
Oliver Heldens & Mr Belt & Wezol,Pikachu,Spinnin Records,EDM
OLWIK,Villain (feat. Tyler Fiore),No Copyright Sounds,EDM
OLWIK,This Life (feat. Johnning),No Copyright Sounds,EDM
Ookay,Matters,Dim Mak,EDM
Ookay,Ghost,Dim Mak,EDM
Ookay,Egg Drop Soup,Dim Mak,EDM
Ookay,Drop Et Agen,Dim Mak,EDM
"Ookay, Riggi & Piros",Dafuq,Dim Mak,EDM
P0gman,Pizza,Disciple,EDM
Panic City,Bang Bang (Original Mix),Dim Mak,EDM
Party Favor,Bap U,Mad Decent,EDM
PAULHARD & BEAUTY HAIR,#PLUR,Spinnin Records,EDM
PAULHARD & RUSLAN SLATIN,GFH,Spinnin Records,EDM
Pegboard Nerds,So What,Disciple,EDM
Pegboard Nerds,How U Feelin',Disciple,EDM
Pegboard Nerds & Tristam,Razor Sharp VIP,Disciple,EDM
Pegboard Nerds Ft. Splitbreed,High Roller (Krafty Kuts Remix),Disciple,EDM
Pegboard Nerds Ft. Splitbreed,High Roller (Far Too Loud Remix),Disciple,EDM
Pegboard Nerds Ft. Splitbreed,High Roller (Dodge & Fuski Remix),Disciple,EDM
Pegboard Nerds Ft. Splitbreed,High Roller (Astronaut Remix),Disciple,EDM
Pegboard Nerds Ft. Splitbreed,High Roller,Disciple,EDM
PEP & RASH,RUMORS,Spinnin Records,EDM
PEP & RASH,FATALITY,Spinnin Records,EDM
Phonetic Hero,Prow'd ( Aquatic Ruin vs Ice Cap Zone ),Gamechops,EDM
Pixel8ter,Good Future Jam ( Collision Chaos ),Gamechops,EDM
PIXL,Sugar Rush,Monstercat,EDM
PIXL,Rat Twist,Monstercat,EDM
Popskyy,Z,Popskyy,EDM
Popskyy,WarpStar,Popskyy,EDM
Popskyy,Unplayed Pt.3 (Finale),Popskyy,EDM
Popskyy,Unplayed Pt.2,Popskyy,EDM
Popskyy,Unplayed,Popskyy,EDM
Popskyy,The Witch of War,Popskyy,EDM
Popskyy,Spirit of a Sprite,Popskyy,EDM
Popskyy,Snap Crackle,Popskyy,EDM
Popskyy,SlackOff,Popskyy,EDM
Popskyy,Sector Zee,Popskyy,EDM
Popskyy,Samurai,Popskyy,EDM
Popskyy,Ruuby,Popskyy,EDM
Popskyy,Ruckus,Popskyy,EDM
Popskyy,RNGesus,Popskyy,EDM
Popskyy,Ritz Bitz,Popskyy,EDM
Popskyy,Reach for the Sky,Popskyy,EDM
Popskyy,Pop Pop,Popskyy,EDM
Popskyy,Pixel Monkey Adventure,Popskyy,EDM
Popskyy,Perfect,Popskyy,EDM
Popskyy,No Gods Or Kings (Only MAN),Popskyy,EDM
Popskyy,Nintendisco,Popskyy,EDM
Popskyy,Munken Draster,Popskyy,EDM
Popskyy,Monster,Popskyy,EDM
Popskyy,Meat Pastry Power-Up,Popskyy,EDM
Popskyy,Lorgasm,Popskyy,EDM
Popskyy,LoadE,Popskyy,EDM
Popskyy,Legend of Lokor,Popskyy,EDM
Popskyy,LBRBLTRT,Popskyy,EDM
Popskyy,Kool Again,Popskyy,EDM
Popskyy,Kasperr (The Friendly Host),Popskyy,EDM
Popskyy,Holic,Popskyy,EDM
Popskyy,HG-Unit,Popskyy,EDM
Popskyy,Headrush,Popskyy,EDM
Popskyy,Groove Cruise,Popskyy,EDM
Popskyy,Greatness,Popskyy,EDM
Popskyy,Flower Child,Popskyy,EDM
Popskyy,ExBROsion,Popskyy,EDM
Popskyy,Elegy,Popskyy,EDM
Popskyy,Dog face (no space),Popskyy,EDM
Popskyy,Dance Floor Fisticuffs,Popskyy,EDM
Popskyy,Crunch,Popskyy,EDM
Popskyy,Chi,Popskyy,EDM
Popskyy,Brotherhood (Remix),Popskyy,EDM
Popskyy,Brotherhood,Popskyy,EDM
Popskyy,Big Bang,Popskyy,EDM
Popskyy,Ballad of a Unicorn,Popskyy,EDM
Popskyy,Another Castle (Princezz),Popskyy,EDM
Popskyy,8-bit Spud,Popskyy,EDM
Popskyy,??,Popskyy,EDM
Popskyy,!Spin,Popskyy,EDM
Portico,Living Fields,Ninjatune,EDM
Portico,Colour Fading,Ninjatune,EDM
Prismatic,Blur,Audiophile,EDM
Prototype Raptor,Chemixtrixx ( Chemical Plant Zone ) [ VIP Mix ],Gamechops,EDM
Qulinez,Let's Rock,Dim Mak,EDM
Qulinez,Drop It,Dim Mak,EDM
Raffertie,One Track Mind,Ninjatune,EDM
Ralfington,Welcome Back to Hoenn,Gamechops,EDM
RALVERO,NOISE,Spinnin Records,EDM
RALVERO,MAYDAY,Spinnin Records,EDM
RALVERO & DROPGUN,HAYAO,Spinnin Records,EDM
Rameses B,Timeless (feat. Veela),Monstercat,EDM
Rameses B,Full Force,Monstercat,EDM
RAVENKIS,TEARDROPS,Spinnin Records,EDM
Razihel,Renzokuken,Monstercat,EDM
RedMoon & Meron Ryan,Heavyweight,NoCopyrightSounds,EDM
RedMoon|Jonny Rose,Only Us,NoCopyrightSounds,EDM
Rell the Soundbender & Twine,Dome Shot,OWSLA,EDM
Rezonate,Canvas,Monstercat,EDM
RiFF RAFF,Tip Toe Wing In My Jawwdinz,Mad Decent,EDM
Rob Gasser,Redundancy,Audiophile,EDM
Rob Gasser,Plasma,Audiophile,EDM
Rob Gasser,Full House (Auvic Remix),Audiophile,EDM
Rob Gasser,Full House,Audiophile,EDM
"Rob Gasser, Chris Poirier, Auvic",Superior,Audiophile,EDM
"Rob Gasser, Chris Poirier, Auvic",Pristine,Audiophile,EDM
"Rob Gasser, Chris Poirier, Auvic",Enticing,Audiophile,EDM
RobKTA,Summer Knocking ( Door Into Summer ),Gamechops,EDM
RobKTA,Cerulean Dancefloor (Dj CUTMAN Remaster),Gamechops,EDM
RobKTA,Cerulean Dancefloor (Kevin Villecco Remix),Gamechops,EDM
RobKTA,Cerulean Dancefloor (Original Mix),Gamechops,EDM
RobKTA,"OutRun Bay ft. James Landino (Passing Breeze, OutRun)",Gamechops,EDM
RobKTA,"Bathtubs on the Fast Lane (Magical Sound Shower, OutRun)",Gamechops,EDM
RobKTA,"Dusk Ride Innuendo ft. Dj CUTMAN (Last Wave, Outrun)",Gamechops,EDM
RobKTA,"TestaRossa Connection ft. Kevin Villecco (Splash Wave, OutRun)",Gamechops,EDM
RobKTA,"Roadside Adventurers ft. halc (Adventure, OutRunners)",Gamechops,EDM
RobKTA,"RushRushRush ft. Pixel8ter (Rush A Difficulty, Turbo OutRun)",Gamechops,EDM
RobKTA,A Proper Introduction (Title Theme),Gamechops,EDM
RobKTA,Badnik's Delight (Spring Yard Zone),Gamechops,EDM
RobKTA,Millennium Future Stardust Speedway (Sonic CD),Gamechops,EDM
RobKTA,Disco Absolution (Dreams of an Absolution),Gamechops,EDM
RobKTA,MJ Garden (Marble Garden Zone),Gamechops,EDM
RobKTA,Vanishing Apotos Horizon (Sonic Unleashed),Gamechops,EDM
RobKTA,Sambopolis (Aquatic Ruin Zone),Gamechops,EDM
RobKTA,Windy Groove (Windy Hill Zone),Gamechops,EDM
Robots Can't Dance,Bada Bing,Circus Records,EDM
Rogue,Night After Night,Monstercat,EDM
Rogue,From The Dust,Monstercat,EDM
Roksonix,Ready To Rumble,Circus Records,EDM
Roksonix,Music In Me (Doctor P Remix),Circus Records,EDM
Roksonix,Music In Me,Circus Records,EDM
Roksonix,Madness,Circus Records,EDM
Roksonix,Full Flight,Circus Records,EDM
Roksonix,Feel Good (Proxy Remix),Circus Records,EDM
Roksonix,Feel Good,Circus Records,EDM
Roksonix,Dogfight (Fei-Fei's Faded Remix),Circus Records,EDM
Roksonix,Dogfight,Circus Records,EDM
Roksonix,2 Bad (VIP Mix),Circus Records,EDM
Romare,Motherless Child,Ninjatune,EDM
Romare,Work Song,Ninjatune,EDM
Rootkit,Too Late,Monstercat,EDM
Rootkit,Do It,Monstercat,EDM
RROID DRAZR,Make Some Motha F*ckin Noise,Audiophile,EDM
RROID DRAZR ft. BBK,My Clique,Audiophile,EDM
Sammy Bananas,DLMG,Fools Gold,EDM
SANDER VAN DOORN,GET ENOUGH,Spinnin Records,EDM
SANDER VAN DOORN & FIREBEATZ,GUITAR TRACK,Spinnin Records,EDM
SANDER VAN DOORN & OLIVER HELDENS,THIS,Spinnin Records,EDM
"SANDER VAN DOORN, FIREBEATZ, JULIAN JORDAN",RAGE,Spinnin Records,EDM
Sawgood,Toxic,Audiophile,EDM
Sawgood,Flames (Must Die! Remix),Audiophile,EDM
Scandroid,Salvation Code,Fixt,EDM
Scandroid,Datastream,Fixt,EDM
Scandroid,Empty Streets,Fixt,EDM
Scandroid,Aphelion,Fixt,EDM
SeamlessR,Codename: Hurricane,Fixt,EDM
SeamlessR,Eradicate,Fixt,EDM
SeamlessR,Deathblow (Feat. Celldweller),Fixt,EDM
SeamlessR,Momentum,Fixt,EDM
SeamlessR,Elimination,Fixt,EDM
SeamlessR,Stream Dream,Fixt,EDM
SeamlessR,Remember,Fixt,EDM
SeamlessR,Master (Can't Stop Me) (Feat. NLJ),Fixt,EDM
SeamlessR,Steel Core,Fixt,EDM
SeamlessR,The 'R' Is Silent,Fixt,EDM
SeamlessR,Fireflies,Fixt,EDM
SeamlessR,Truck Puncher,Fixt,EDM
SeamlessR,Funk Fight,Fixt,EDM
SeamlessR,G#,Fixt,EDM
Seven Davis Jr,Wild Hearts,Ninjatune,EDM
Seven Davis Jr,Options,Ninjatune,EDM
Seven Lions,The Truth,OWSLA,EDM
Seven Lions,She Was,OWSLA,EDM
Seven Lions,Serpent of Old,OWSLA,EDM
Seven Lions,Fractals,OWSLA,EDM
Seven Lions,Days to Come,OWSLA,EDM
SirensCeol,Nostalgia,NoCopyrightSounds,EDM
Skope,The Fly,Disciple,EDM
Sleepy Tom,The Currency,Fools Gold,EDM
Slowface,Evening Issues,Audiophile,EDM
Slowface,Collapse,Audiophile,EDM
Solarex & Oorora,Clockwork (Digital Toys Remix),Audiophile,EDM
Solarex & Oorora,Clockwork,Audiophile,EDM
Sound Remedy,We Are The Dream (feat. Carousel),Sound Remedy,EDM
Sound Remedy,Victory (feat. Evvy),Sound Remedy,EDM
Sound Remedy,Ozymandias,Sound Remedy,EDM
Sound Remedy,Liberation,Sound Remedy,EDM
Sound Remedy,Let's Go Home (Sound Remedy Remix),Sound Remedy,EDM
Sound Remedy,Chiaroscuro,Sound Remedy,EDM
Sound Remedy & Carousel,We Are The Dream (TheFatRat Remix),Sound Remedy,EDM
Sound Remedy & Carousel,We Are The Dream (Synchronice Remix),Sound Remedy,EDM
Sound Remedy & Carousel,We Are The Dream (Saturn Remix),Sound Remedy,EDM
Sound Remedy & Carousel,We Are The Dream (Kicks n Licks Remix),Sound Remedy,EDM
Sound Remedy & Carousel,We Are The Dream (Infuse Remix),Sound Remedy,EDM
Sound Remedy & Noosa,Walk on by (Sound Remedy Remix),Sound Remedy,EDM
Sound Remedy & Noosa,Clocktower (Sound Remedy Remix),Sound Remedy,EDM
Spenz,Ravelocker,Spinnin Records,EDM
Stephen Walking,Top of the World 2,Monstercat,EDM
Still Alive,Sunscream (Dirty Stab Remix),Audiophile,EDM
Still Alive,Sunscream (Becca Remix),Audiophile,EDM
Still Alive,Sunscream,Audiophile,EDM
Stonebank,Moving On (feat. EMEL),Monstercat,EDM
Strangers,Klaxon,Audiophile,EDM
Submotion Orchestra,Damn Hot,Circus Records,EDM
Submotion Orchestra,Broken World,Circus Records,EDM
Submotion Orchestra,Breathe It In,Circus Records,EDM
Subtact,Away,NoCopyrightSounds,EDM
SWANKY TUNES,PUMP,Spinnin Records,EDM
SWANKY TUNES & VIGEL,GET DOWN,Spinnin Records,EDM
Switch Off & Juicytrax,Rock 'n Roll,Spinnin Records,EDM
Swizzymack,Drip,Mad Decent,EDM
T-Mass,Up In Flumes,No Copyright Sounds,EDM
Tatu Toukola,Phantom,Audiophile,EDM
Taylr Renee & Hellberg & Teqq,Air,Monstercat,EDM
TC,Vegas,OWSLA,EDM
TC,Get Down Low (Silverback Remix),OWSLA,EDM
TC,Get Down Low (ShockOne Remix),OWSLA,EDM
TC,Get Down Low,OWSLA,EDM
TC,Do You Rock,OWSLA,EDM
Televisor,Automagic,Monstercat,EDM
Televisor,Alliance,Monstercat,EDM
Tetracase,Unlimited Colors ( Planet Wisp ),Gamechops,EDM
The Brig,Old Skool,Disciple,EDM
The Brig,Fools Gold,Disciple,EDM
The Brig,All Aboard (Barely Alive Remix,Disciple,EDM
The Brig,All Aboard,Disciple,EDM
The Bug,Void,Ninjatune,EDM
The Bug,Skeng,Ninjatune,EDM
The Eden Project,Lost,No Copyright Sounds,EDM
The Heavy,How You Like Me Now,Ninjatune,EDM
The Heavy,Short Change Hero,Ninjatune,EDM
The Invisible,Lifeline,Ninjatune,EDM
The invisible,Wings,Ninjatune,EDM
The McMash Clan,Swing Break (Opiuo Remix),Circus Records,EDM
The McMash Clan,Shadow Dance,Circus Records,EDM
The McMash Clan,Reqiuem,Circus Records,EDM
The McMash Clan,Dr Pill,Circus Records,EDM
The McMash Clan,Birds Sing ft. Late Day,Circus Records,EDM
The McMash Clan and Kate Mullins,Requiem,Circus Records,EDM
The McMash Clan and Million Dan,Jericho (Dodge & Fuski Remix),Circus Records,EDM
The McMash Clan and Million Dan,Jericho,Circus Records,EDM
The McMash Clan feat. Kate Mullins,Swing Break,Circus Records,EDM
TIM MASON,TOGETHER,Spinnin Records,EDM
Tim Mason,Starlight,Spinnin Records,EDM
Toddla T,Streets So Warm,Ninjatune,EDM
Toddla T,Cruise Control,Ninjatune,EDM
Tom Budin,Butterscotch (E-Cologyk Remix),Audiophile,EDM
Toni Leys,Dat Egg Tho ( Death Egg Zone ),Gamechops,EDM
TONY JUNIOR,TWERK ANTHEM,Spinnin Records,EDM
Torro Torro,Ca$hville,Mad Decent,EDM
Tristam,Till It's Over,Monstercat,EDM
Tristam & Braken,Frame of Mind,Monstercat,EDM
Trivecta,Believe (feat. Connor Zwetsch),Monstercat,EDM
Tut Tut Child,Breathe (feat. Danyka Nadeau),Monstercat,EDM
TV NOISE,THE HOLD,Spinnin Records,EDM
Two Fingers,Fools Rhythm,Ninjatune,EDM
Two Fingers,Sweden,Ninjatune,EDM
TwoThirds,Universal,Monstercat,EDM
UMMET OZCAN,SUPERWAVE,Spinnin Records,EDM
UMMET OZCAN,SMASH,Spinnin Records,EDM
UMMET OZCAN,RAISE YOUR HANDS,Spinnin Records,EDM
UMMET OZCAN,KENSEI,Spinnin Records,EDM
Umpire,Gravity (feat. Liz Kretschmer),NoCopyrightSounds,EDM
Umpire,Collins Ave.,NoCopyrightSounds,EDM
Unison,Reality,NoCopyrightSounds,EDM
Uppercut Feat. Max Julien,Enjoy Me,Spinnin Records,EDM
Vandroo & Luca,The Cloud,Audiophile,EDM
Vanze,Forever (feat. Brenton Mattheus),NoCopyrightSounds,EDM
Varien & 7 Minutes Dead,Mirai Sekai Pt.3: Aeon Metropolis (Extended Mix),Monstercat,EDM
Varien & SirensCeol,Moonlight (feat. Aloma Steele),Monstercat,EDM
Venemy,Rescue Me (feat. Car),NoCopyrightSounds,EDM
Vicetone,Heartbeat (feat. Collin McLoughlin),Monstercat,EDM
Victor Niglio & Jake Sgarlatto,Swing,Dim Mak,EDM
VIRO,RUSH,Spinnin Records,EDM
Virtual Riot,Sugar Rush (Kick The Habit Remix),Audiophile,EDM
Virtual Riot,Sugar Rush (Embrace One Remix),Audiophile,EDM
Virtual Riot,Sugar Rush (Centron Remix),Audiophile,EDM
Virtual Riot,Sugar Rush (Barely Alive Remix),Audiophile,EDM
Virtual Riot,You Know Me,Disciple,EDM
Virtual Riot,We're Not Alone VIP,Disciple,EDM
Virtual Riot,We're Not Alone (PhaseOne Remix),Disciple,EDM
Virtual Riot,We're Not Alone (High Maintenance remix),Disciple,EDM
Virtual Riot,We're Not Alone (Au5 Remix),Disciple,EDM
Virtual Riot,We're Not Alone,Disciple,EDM
Virtual Riot,Warm-ups,Disciple,EDM
Virtual Riot,Lunar,Disciple,EDM
Virtual Riot,Getting Real (Tired of Your Shit),Disciple,EDM
Virtual Riot,Gangsters,Disciple,EDM
Virtual Riot,Different World,Disciple,EDM
Virtual Riot,Carrier,Disciple,EDM
Virtual Riot & Jonas Minor,Symphony,Disciple,EDM
Virtual Riot & Sub.Sound,Where Are You (Sawgood Remix),Audiophile,EDM
Virtual Riot & Sub.Sound,Where Are You (E-Cologyk Remix),Audiophile,EDM
Virtual Riot & Sub.Sound,Where Are You,Audiophile,EDM
Virtual Riot Ft. Splitbreed,Nightmare,Disciple,EDM
Voicians,Empire,Fixt,EDM
Voicians,Empire (Instrumental),Fixt,EDM
Wagon Christ,Chunkothy,Ninjatune,EDM
Wheez-ie,Deadbolt,Fools Gold,EDM
Will Atkinson,Unleash,Spinnin Records,EDM
Will Brennan,RNR (Enferno Remix),Dim Mak,EDM
Willy Joy,Geeks,Fools Gold,EDM
WIWEK,SALUTE,Spinnin Records,EDM
WRLD,Orbit (feat. Richard Caddock),Monstercat,EDM
Yellow Claw & Cesqeaux,Preacher (feat. Roendy Rosanjo),Dim Mak,EDM
Yellow Claw & Cesqeaux,Legends (feat. Kalibwoy),Dim Mak,EDM
Yellow Claw & Cesqeaux,Inma Head (feat. Marlishh),Dim Mak,EDM
Yellow Claw & Cesqeaux,IBETCHU,Dim Mak,EDM
YONAS,I Don't Give A Damn (Kick The Habit Remix),Audiophile,EDM
Young Fathers,John Doe,Ninjatune,EDM
Young Fathers,Old Rock N Roll,Ninjatune,EDM
Yppah,Never Mess With Sunday,Ninjatune,EDM
Yppah,D Song,Ninjatune,EDM
Yugen,Mean Machine (The Frim Remix),Audiophile,EDM
ZEST,You. & I?,NoCopyrightSounds,EDM
Zuko,Time,Disciple,EDM
